{"latitud": -34.52133782929332,"longitud": -58.70068073272705}